min,max,average,variance
1,255,85.52409197531786,1355.406319839896
